"id";"name";"code";"workload_hours";"created_at";"updated_at";"deleted_at"
1;"Introdução à Psicologia";"8";0;"2025-12-04 20:55:17";"2025-12-04 20:55:17";""
2;"Português Instrumental";"9";0;"2025-12-04 20:55:17";"2025-12-04 20:55:17";""
3;"História da Psicologia";"10";0;"2025-12-04 20:55:17";"2025-12-04 20:55:17";""
4;"Introdução a Neurologia";"11";0;"2025-12-04 20:55:17";"2025-12-04 20:55:17";""
5;"Fundamentos da Psicologia Saúde";"12";0;"2025-12-04 20:55:17";"2025-12-04 20:55:17";""
6;"Metodologia do Trabalho Ciêntífico I";"13";0;"2025-12-04 20:55:17";"2025-12-04 20:55:17";""
7;"Metodologia do Trabalho Ciêntífico II";"14";0;"2025-12-04 20:55:17";"2025-12-04 20:55:17";""
8;"Metodologia do Trabalho Ciêntífico III";"15";0;"2025-12-04 20:55:17";"2025-12-04 20:55:17";""
9;"Fundamentos da Psicanálise";"16";0;"2025-12-04 20:55:17";"2025-12-04 20:55:17";""
10;"Psicologia da Personalidade";"17";0;"2025-12-04 20:55:17";"2025-12-04 20:55:17";""
11;"Desenvolvimento da Infância e Adolescência";"18";0;"2025-12-04 20:55:17";"2025-12-04 20:55:17";""
12;"Fundamentos Epistêmicos da Psicologia";"19";0;"2025-12-04 20:55:17";"2025-12-04 20:55:17";""
13;"Planejamento de Carreira e Sucesso Profissional";"20";0;"2025-12-04 20:55:17";"2025-12-04 20:55:17";""
14;"Educação, Sexualidade e Gênero";"21";0;"2025-12-04 20:55:17";"2025-12-04 20:55:17";""
15;"Teorias e Sistemas Psicológicos I";"22";0;"2025-12-04 20:55:17";"2025-12-04 20:55:17";""
16;"Psicologia da Motivação e Emoção";"23";0;"2025-12-04 20:55:17";"2025-12-04 20:55:17";""
17;"Economia Brasileira";"24";0;"2025-12-04 20:55:17";"2025-12-04 20:55:17";""
18;"Teoria e Sistemas";"25";0;"2025-12-04 20:55:17";"2025-12-04 20:55:17";""
19;"Ciência e Profissão";"26";0;"2025-12-04 20:55:17";"2025-12-04 20:55:17";""
20;"Ciência Politica";"27";60;"2025-12-04 20:55:17";"2025-12-13 14:43:45";""
21;"Psicologia Social";"28";0;"2025-12-04 20:55:17";"2025-12-04 20:55:17";""
22;"Saúde Coletiva";"29";0;"2025-12-04 20:55:17";"2025-12-04 20:55:17";""
23;"Fundamentos da Neurologia";"30";0;"2025-12-04 20:55:17";"2025-12-04 20:55:17";""
24;"Filosofia Ética Psicologia";"31";0;"2025-12-04 20:55:17";"2025-12-04 20:55:17";""
25;"Genética Humana";"32";0;"2025-12-04 20:55:17";"2025-12-04 20:55:17";""
26;"Psicologia e Processos Clínicos";"33";0;"2025-12-04 20:55:17";"2025-12-04 20:55:17";""
27;"Fisiologia Humana";"34";0;"2025-12-04 20:55:17";"2025-12-04 20:55:17";""
28;"Psicologia da Percepção";"35";0;"2025-12-04 20:55:17";"2025-12-04 20:55:17";""
29;"Desenvolvimento da Idade Adulta e 3ª Idade";"36";0;"2025-12-04 20:55:17";"2025-12-04 20:55:17";""
30;"Psicologia da Aprendizagem e Memória";"37";0;"2025-12-04 20:55:17";"2025-12-04 20:55:17";""
31;"Processo Saúde-Doença e Modelos Assistenciais em Saúde";"38";0;"2025-12-04 20:55:17";"2025-12-04 20:55:17";""
32;"Teorias e Sistemas Psicológicos II";"40";0;"2025-12-04 20:55:17";"2025-12-04 20:55:17";""
33;"Teorias e Sistemas Psicológicos III";"41";0;"2025-12-04 20:55:17";"2025-12-04 20:55:17";""
34;"Teorias e Sistemas Psicológicos IV";"42";0;"2025-12-04 20:55:17";"2025-12-04 20:55:17";""
35;"Processos Patológicos";"43";0;"2025-12-04 20:55:17";"2025-12-04 20:55:17";""
36;"Análise Experimental do Comportamento";"44";0;"2025-12-04 20:55:17";"2025-12-04 20:55:17";""
37;"Politicas e Programas Públicos em Saúde";"45";0;"2025-12-04 20:55:17";"2025-12-04 20:55:17";""
38;"Técnicas de Exames Psicológicos";"46";0;"2025-12-04 20:55:17";"2025-12-04 20:55:17";""
39;"Psicofisiologia";"47";0;"2025-12-04 20:55:17";"2025-12-04 20:55:17";""
40;"Metodos de Observação em Psicologia";"48";0;"2025-12-04 20:55:17";"2025-12-04 20:55:17";""
41;"Processos Grupais";"49";0;"2025-12-04 20:55:17";"2025-12-04 20:55:17";""
42;"Deficiência Intelectual";"50";0;"2025-12-04 20:55:17";"2025-12-04 20:55:17";""
43;"Psicopatologia I";"51";0;"2025-12-04 20:55:17";"2025-12-04 20:55:17";""
44;"Psicopatologia II";"52";0;"2025-12-04 20:55:17";"2025-12-04 20:55:17";""
45;"Estágio - Infantil";"53";0;"2025-12-04 20:55:17";"2025-12-04 20:55:17";""
46;"Estágio - Adulto e Idoso";"54";0;"2025-12-04 20:55:17";"2025-12-04 20:55:17";""
47;"Ética na Saúde";"55";0;"2025-12-04 20:55:17";"2025-12-04 20:55:17";""
48;"Psicologia do Pensamento e da Linguagem";"56";0;"2025-12-04 20:55:17";"2025-12-04 20:55:17";""
49;"Psicologia da Pessoa Com Necessidades Especiais";"57";0;"2025-12-04 20:55:17";"2025-12-04 20:55:17";""
50;"Psicologia Hospitalar";"58";0;"2025-12-04 20:55:17";"2025-12-04 20:55:17";""
51;"Psicologia e Saúde Mental";"59";0;"2025-12-04 20:55:17";"2025-12-04 20:55:17";""
52;"Gestão Ambiental e Desenvolvimento Sustentável";"60";0;"2025-12-04 20:55:17";"2025-12-04 20:55:17";""
53;"Direito Humanos";"61";0;"2025-12-04 20:55:17";"2025-12-04 20:55:17";""
54;"Disciplina Teste";"62";0;"2025-12-04 20:55:17";"2025-12-04 20:55:17";""
55;"Fundamentos da Psicanálise II";"63";0;"2025-12-04 20:55:17";"2025-12-04 20:55:17";""
56;"Didática I";"64";0;"2025-12-04 20:55:17";"2025-12-04 20:55:17";""
57;"Gestão e Coordenação Escolar";"65";0;"2025-12-04 20:55:17";"2025-12-04 20:55:17";""
58;"Fundamentos da Educação Superior";"66";0;"2025-12-04 20:55:17";"2025-12-04 20:55:17";""
59;"Fundamentos da Orientação, Supervisão e Inspeção Escolar";"67";0;"2025-12-04 20:55:17";"2025-12-04 20:55:17";""
60;"Planejamento e Avaliação Educacional";"68";0;"2025-12-04 20:55:17";"2025-12-04 20:55:17";""
61;"Formação de Professora para Diversidade";"70";0;"2025-12-04 20:55:17";"2025-12-04 20:55:17";""
62;"Currículos e Programas";"71";0;"2025-12-04 20:55:17";"2025-12-04 20:55:17";""
63;"Didática II";"72";0;"2025-12-04 20:55:17";"2025-12-04 20:55:17";""
64;"Práticas Pedagógicas Educacionais";"73";0;"2025-12-04 20:55:17";"2025-12-04 20:55:17";""
65;"Avaliação e Aprendizagem";"74";0;"2025-12-04 20:55:17";"2025-12-04 20:55:17";""
66;"Estágio Curricular";"75";0;"2025-12-04 20:55:17";"2025-12-04 20:55:17";""
67;"Administração e Empreendedorimo";"76";0;"2025-12-04 20:55:17";"2025-12-04 20:55:17";""
68;"Filosofia da Educação";"77";0;"2025-12-04 20:55:17";"2025-12-04 20:55:17";""
69;"Seminários Integrados em Psicologia";"79";0;"2025-12-04 20:55:17";"2025-12-04 20:55:17";""
70;"Aspectos Sociológicos e Antropológicos da Educação";"80";0;"2025-12-04 20:55:17";"2025-12-04 20:55:17";""
71;"Matemática Financeira";"81";0;"2025-12-04 20:55:17";"2025-12-04 20:55:17";""
72;"Gestão e Planejamento Escolar";"82";0;"2025-12-04 20:55:17";"2025-12-04 20:55:17";""
73;"Análise Textual";"83";0;"2025-12-04 20:55:17";"2025-12-04 20:55:17";""
74;"Admininstração e Mercado de Trabalho";"84";0;"2025-12-04 20:55:17";"2025-12-04 20:55:17";""
75;"Fundamento das Ciências Sociais";"85";0;"2025-12-04 20:55:17";"2025-12-04 20:55:17";""
76;"Introdução a Administração";"86";0;"2025-12-04 20:55:17";"2025-12-04 20:55:17";""
77;"Psicologia nas Organizações";"87";0;"2025-12-04 20:55:17";"2025-12-04 20:55:17";""
78;"Teoria Geral da Administração";"88";0;"2025-12-04 20:55:17";"2025-12-04 20:55:17";""
79;"Análise Organizacional";"89";0;"2025-12-04 20:55:17";"2025-12-04 20:55:17";""
80;"Contabilidade Básica";"90";0;"2025-12-04 20:55:17";"2025-12-04 20:55:17";""
81;"Comunicação nas Empresas";"91";0;"2025-12-04 20:55:17";"2025-12-04 20:55:17";""
82;"Contabilidade de Custos";"92";0;"2025-12-04 20:55:17";"2025-12-04 20:55:17";""
83;"Estatistica Aplicada";"93";0;"2025-12-04 20:55:17";"2025-12-04 20:55:17";""
84;"Fundamentos de Direito Empresarial";"94";0;"2025-12-04 20:55:17";"2025-12-04 20:55:17";""
85;"Fundamentos de Economia";"95";0;"2025-12-04 20:55:17";"2025-12-04 20:55:17";""
86;"Gestão de Processos";"96";0;"2025-12-04 20:55:17";"2025-12-04 20:55:17";""
87;"Microeconomia";"97";0;"2025-12-04 20:55:17";"2025-12-04 20:55:17";""
88;"Gestão da Cadeia de Suprimentos";"98";0;"2025-12-04 20:55:17";"2025-12-04 20:55:17";""
89;"Legislação Trabalhista e Previdenciária";"99";0;"2025-12-04 20:55:17";"2025-12-04 20:55:17";""
90;"Análise Estatística";"100";0;"2025-12-04 20:55:17";"2025-12-04 20:55:17";""
91;"Fundamentos do Comércio Exterior";"101";0;"2025-12-04 20:55:17";"2025-12-04 20:55:17";""
92;"Contabilidade Gerencial";"102";0;"2025-12-04 20:55:17";"2025-12-04 20:55:17";""
93;"Legislação Tributária";"103";0;"2025-12-04 20:55:17";"2025-12-04 20:55:17";""
94;"Macroeconomia";"104";0;"2025-12-04 20:55:17";"2025-12-04 20:55:17";""
95;"Administração da Produção e Operações";"105";0;"2025-12-04 20:55:17";"2025-12-04 20:55:17";""
96;"Administração de Marketing";"106";0;"2025-12-04 20:55:17";"2025-12-04 20:55:17";""
97;"Análise das Demonstrações Financeiras";"107";0;"2025-12-04 20:55:17";"2025-12-04 20:55:17";""
98;"Administração de Recursos Humanos I";"108";0;"2025-12-04 20:55:17";"2025-12-04 20:55:17";""
99;"Administração de Recursos Humanos II";"109";0;"2025-12-04 20:55:17";"2025-12-04 20:55:17";""
100;"Administração de Sistemas da Informação";"110";0;"2025-12-04 20:55:17";"2025-12-04 20:55:17";""
101;"Administração Financeira";"111";0;"2025-12-04 20:55:17";"2025-12-04 20:55:17";""
102;"Ética e Responsabilidade Social";"112";0;"2025-12-04 20:55:17";"2025-12-04 20:55:17";""
103;"Pesquisa de Mercado";"113";0;"2025-12-04 20:55:17";"2025-12-04 20:55:17";""
104;"Orçamento Empresarial";"114";0;"2025-12-04 20:55:17";"2025-12-04 20:55:17";""
105;"Gestão da Qualidade";"115";0;"2025-12-04 20:55:17";"2025-12-04 20:55:17";""
106;"Gerenciamentos de Projetos";"116";0;"2025-12-04 20:55:17";"2025-12-04 20:55:17";""
107;"Competências Gerenciais";"117";0;"2025-12-04 20:55:17";"2025-12-04 20:55:17";""
108;"Mercado Financeiro";"118";0;"2025-12-04 20:55:17";"2025-12-04 20:55:17";""
109;"Estrutura das Demonstrações Contábeis";"119";0;"2025-12-04 20:55:17";"2025-12-04 20:55:17";""
110;"Contabilidade Comercial e Financeira";"120";0;"2025-12-04 20:55:17";"2025-12-04 20:55:17";""
111;"Seminários Integrados em Administração";"122";0;"2025-12-04 20:55:17";"2025-12-04 20:55:17";""
112;"Pré Projeto";"123";0;"2025-12-04 20:55:17";"2025-12-04 20:55:17";""
113;"Português Instrumental II";"124";0;"2025-12-04 20:55:17";"2025-12-04 20:55:17";""
114;"Português Instrumental III";"125";0;"2025-12-04 20:55:17";"2025-12-04 20:55:17";""
115;"Técnicas de Exames Psicológicos II";"126";0;"2025-12-04 20:55:17";"2025-12-04 20:55:17";""
116;"Estágio - Adolescente";"127";0;"2025-12-04 20:55:17";"2025-12-04 20:55:17";""
117;"Terapia Existencial e Humanistica";"129";0;"2025-12-04 20:55:17";"2025-12-04 20:55:17";""
118;"Psicologia e Saúde da Família";"130";0;"2025-12-04 20:55:17";"2025-12-04 20:55:17";""
119;"Neuropsicologia";"131";0;"2025-12-04 20:55:17";"2025-12-04 20:55:17";""
120;"Psicologia e Saúde do Trabalhador";"132";0;"2025-12-04 20:55:17";"2025-12-04 20:55:17";""
121;"Planejamento Estratégico";"133";0;"2025-12-04 20:55:17";"2025-12-04 20:55:17";""
122;"Estágio Clinico";"135";0;"2025-12-04 20:55:17";"2025-12-04 20:55:17";""
123;"Teoria Política";"136";0;"2025-12-04 20:55:17";"2025-12-04 20:55:17";""
124;"Sociologia da Educação";"137";0;"2025-12-04 20:55:17";"2025-12-04 20:55:17";""
125;"Introdução a Filosofia";"138";60;"2025-12-04 20:55:17";"2025-12-13 14:44:15";""
126;"Questão Social e Serviço Social";"140";0;"2025-12-04 20:55:17";"2025-12-04 20:55:17";""
127;"Comunicação Oral e Escrita";"141";0;"2025-12-04 20:55:17";"2025-12-04 20:55:17";""
128;"Homem Cultura e Sociedade";"142";0;"2025-12-04 20:55:17";"2025-12-04 20:55:17";""
129;"Educação Ambiental";"143";0;"2025-12-04 20:55:17";"2025-12-04 20:55:17";""
130;"Trabalho e Sociabilidade";"144";0;"2025-12-04 20:55:17";"2025-12-04 20:55:17";""
131;"Serviço Social e Processo de Trabalho";"145";0;"2025-12-04 20:55:17";"2025-12-04 20:55:17";""
132;"Fundamentos Históricos e Teóricos-Metodológicos do Serviço Social III";"146";0;"2025-12-04 20:55:17";"2025-12-04 20:55:17";""
133;"Fundamentos Históricos e Teóricos-Metodológicos do Serviço Social II";"147";0;"2025-12-04 20:55:17";"2025-12-04 20:55:17";""
134;"Fundamentos Históricos e Teóricos-Metodológicos do Serviço Social I";"148";0;"2025-12-04 20:55:17";"2025-12-04 20:55:17";""
135;"Trabalho Profissional Abordagem Individual e Grupal";"149";0;"2025-12-04 20:55:17";"2025-12-04 20:55:17";""
136;"Introdução ao Serviço Social";"150";0;"2025-12-04 20:55:17";"2025-12-04 20:55:17";""
137;"Acumulação Capitalista e Desigualdade Social";"151";0;"2025-12-04 20:55:17";"2025-12-04 20:55:17";""
138;"Ética Profissional em Serviço Socia";"152";0;"2025-12-04 20:55:17";"2025-12-04 20:55:17";""
139;"Formação Socio Histórica no Serviço Social";"153";0;"2025-12-04 20:55:18";"2025-12-04 20:55:18";""
140;"Fundamentos Histórico do Serviço Social I";"154";0;"2025-12-04 20:55:18";"2025-12-04 20:55:18";""
141;"Fundamentos Histórico do Serviço Social II";"155";0;"2025-12-04 20:55:18";"2025-12-04 20:55:18";""
142;"Trabalho Profissional Informação e Documentação";"156";0;"2025-12-04 20:55:18";"2025-12-04 20:55:18";""
143;"Política Social II";"157";0;"2025-12-04 20:55:18";"2025-12-04 20:55:18";""
144;"Trabalho Profissional e Desenvovlimento Comunitário e Educação Popular";"158";0;"2025-12-04 20:55:18";"2025-12-04 20:55:18";""
145;"Tecnologia e Sociedade";"159";0;"2025-12-04 20:55:18";"2025-12-04 20:55:18";""
146;"Gestão Social I";"160";0;"2025-12-04 20:55:18";"2025-12-04 20:55:18";""
147;"Trabalho Profissional e Planejamento";"161";0;"2025-12-04 20:55:18";"2025-12-04 20:55:18";""
148;"Politica Setorial - Família";"162";0;"2025-12-04 20:55:18";"2025-12-04 20:55:18";""
149;"Estratégias e Técnicas no Serviço Social";"163";0;"2025-12-04 20:55:18";"2025-12-04 20:55:18";""
150;"Movimentos Sociais";"164";0;"2025-12-04 20:55:18";"2025-12-04 20:55:18";""
151;"Psicologia Institucional";"165";0;"2025-12-04 20:55:18";"2025-12-04 20:55:18";""
152;"Trabalho e Formação Profissional em Serviço Social: Tensões e Desafios Contemporâneos";"166";0;"2025-12-04 20:55:18";"2025-12-04 20:55:18";""
153;"Políticas Públicas da Educação Básica";"167";0;"2025-12-04 20:55:18";"2025-12-04 20:55:18";""
154;"Atividade Complementar";"168";0;"2025-12-04 20:55:18";"2025-12-04 20:55:18";""
155;"Educação à Distância";"170";0;"2025-12-04 20:55:18";"2025-12-04 20:55:18";""
156;"Economia Politica";"171";0;"2025-12-04 20:55:18";"2025-12-04 20:55:18";""
157;"Antropologia";"172";0;"2025-12-04 20:55:18";"2025-12-04 20:55:18";""
158;"Psicologia e Relações Interpessoais";"173";0;"2025-12-04 20:55:18";"2025-12-04 20:55:18";""
159;"Política Social I";"174";0;"2025-12-04 20:55:18";"2025-12-04 20:55:18";""
160;"Estudos Sócio Antropológicos";"175";0;"2025-12-04 20:55:18";"2025-12-04 20:55:18";""
161;"Pesquisa em Serviço Social I";"176";0;"2025-12-04 20:55:18";"2025-12-04 20:55:18";""
162;"Pesquisa em Serviço Social II";"177";0;"2025-12-04 20:55:18";"2025-12-04 20:55:18";""
163;"Pesquisa em Serviço Social III";"178";0;"2025-12-04 20:55:18";"2025-12-04 20:55:18";""
164;"Pesquisa em Serviço Social IV";"179";0;"2025-12-04 20:55:18";"2025-12-04 20:55:18";""
165;"Estágio Supervisionado: Análise Institucional";"180";0;"2025-12-04 20:55:18";"2025-12-04 20:55:18";""
166;"Orientações para Prática Profissional";"181";0;"2025-12-04 20:55:18";"2025-12-04 20:55:18";""
167;"Administração e Planejamento de Projetos Sociais";"182";0;"2025-12-04 20:55:18";"2025-12-04 20:55:18";""
168;"Estágio Supervisionado: Implementação e Avaliação do Projeto de Intervenção";"183";0;"2025-12-04 20:55:18";"2025-12-04 20:55:18";""
169;"Serviço Social na Área Sociojurídica";"184";0;"2025-12-04 20:55:18";"2025-12-04 20:55:18";""
170;"Trabalho de Conclusão de Curso";"185";0;"2025-12-04 20:55:18";"2025-12-04 20:55:18";""
171;"Gestão de Pessoas";"186";0;"2025-12-04 20:55:18";"2025-12-04 20:55:18";""
172;"Direito Administrativo";"187";0;"2025-12-04 20:55:18";"2025-12-04 20:55:18";""
173;"Direito Agrário";"189";0;"2025-12-04 20:55:18";"2025-12-04 20:55:18";""
174;"Comunicação e Expressão";"191";0;"2025-12-04 20:55:18";"2025-12-04 20:55:18";""
175;"Impactos Ambientais Antrópicos";"192";0;"2025-12-04 20:55:18";"2025-12-04 20:55:18";""
176;"Psicologia do Desenvolvimento e da Aprendizagem";"193";0;"2025-12-04 20:55:18";"2025-12-04 20:55:18";""
177;"Raciocínio Lógico";"194";0;"2025-12-04 20:55:18";"2025-12-04 20:55:18";""
178;"Conteúdo,Metodologia e Prática de Ensino nas Creches e Educação Infantil";"195";0;"2025-12-04 20:55:18";"2025-12-04 20:55:18";""
179;"História da Educação no Brasil";"196";0;"2025-12-04 20:55:18";"2025-12-04 20:55:18";""
180;"Pesquisa e Prática em Educação I";"197";0;"2025-12-04 20:55:18";"2025-12-04 20:55:18";""
181;"Pesquisa e Prática em Educação II";"198";0;"2025-12-04 20:55:18";"2025-12-04 20:55:18";""
182;"Pesquisa e Prática em Educação III";"199";0;"2025-12-04 20:55:18";"2025-12-04 20:55:18";""
183;"Língua Brasileira de Sinais";"200";0;"2025-12-04 20:55:18";"2025-12-04 20:55:18";""
184;"Conteúdo,Metodologia e Prática de Ensino de Língua Portuguesa";"201";0;"2025-12-04 20:55:18";"2025-12-04 20:55:18";""
185;"Conteúdo,Metodologia e Prática do Ensino da Educação Física";"202";0;"2025-12-04 20:55:18";"2025-12-04 20:55:18";""
186;"Conteúdo,Metodologia e Prática de Ensino da Arte";"203";0;"2025-12-04 20:55:18";"2025-12-04 20:55:18";""
187;"Psicologia da Educação";"204";0;"2025-12-04 20:55:18";"2025-12-04 20:55:18";""
188;"Comportamento Motor";"205";0;"2025-12-04 20:55:18";"2025-12-04 20:55:18";""
189;"Metodologia de Ensino das Manifestações Gimnicas";"206";0;"2025-12-04 20:55:18";"2025-12-04 20:55:18";""
190;"Cinesiologia";"207";0;"2025-12-04 20:55:18";"2025-12-04 20:55:18";""
191;"Fisiologia do Exercício I";"208";0;"2025-12-04 20:55:18";"2025-12-04 20:55:18";""
192;"Fisiologia do Exercício II";"209";0;"2025-12-04 20:55:18";"2025-12-04 20:55:18";""
193;"Ritmo e Movimento II";"210";0;"2025-12-04 20:55:18";"2025-12-04 20:55:18";""
194;"Ritmo e Movimento I";"211";0;"2025-12-04 20:55:18";"2025-12-04 20:55:18";""
195;"Metodologias de Ensino dos Esportes Coletivos I";"212";0;"2025-12-04 20:55:18";"2025-12-04 20:55:18";""
196;"Metodologias de Ensino dos Esportes Coletivos II";"213";0;"2025-12-04 20:55:18";"2025-12-04 20:55:18";""
197;"Medidas e Avaliação";"214";0;"2025-12-04 20:55:18";"2025-12-04 20:55:18";""
198;"Educação de Jovens e Adultos - EJA";"215";0;"2025-12-04 20:55:18";"2025-12-04 20:55:18";""
199;"Teoria e Prática da Natação";"216";0;"2025-12-04 20:55:18";"2025-12-04 20:55:18";""
200;"Anatomia do Sistema Musculoesquelético";"217";0;"2025-12-04 20:55:18";"2025-12-04 20:55:18";""
201;"Fundamentos de Bioquímica";"218";0;"2025-12-04 20:55:18";"2025-12-04 20:55:18";""
202;"Suporte Básico à Vida e Primeiros Socorros";"219";0;"2025-12-04 20:55:18";"2025-12-04 20:55:18";""
203;"Teoria e Prática da Recreação, Folclore e Dança";"220";0;"2025-12-04 20:55:18";"2025-12-04 20:55:18";""
204;"Esportes Individuais";"221";0;"2025-12-04 20:55:18";"2025-12-04 20:55:18";""
205;"Educação Especial e Inclusiva";"222";0;"2025-12-04 20:55:18";"2025-12-04 20:55:18";""
206;"Conteúdo,Metodologia e Prática do Ensino de História e Geografia";"223";0;"2025-12-04 20:55:18";"2025-12-04 20:55:18";""
207;"História, Diversidade, Cidadania e Direitos Humanos";"224";0;"2025-12-04 20:55:18";"2025-12-04 20:55:18";""
208;"Metodologia e Prática de Alfabetização e Letramento";"225";0;"2025-12-04 20:55:18";"2025-12-04 20:55:18";""
209;"Conteúdo,Metodologia e Prática do Ensino da Matemática";"226";0;"2025-12-04 20:55:18";"2025-12-04 20:55:18";""
210;"Conteúdo,Metodologia e Prática do Ensino das Ciências Sociais";"227";0;"2025-12-04 20:55:18";"2025-12-04 20:55:18";""
211;"História da Arte Regional";"228";0;"2025-12-04 20:55:18";"2025-12-04 20:55:18";""
212;"Pedagogia nas Instituições não Escolares";"229";0;"2025-12-04 20:55:18";"2025-12-04 20:55:18";""
213;"História dos Povos Indígenas e Afrodescendentes";"230";0;"2025-12-04 20:55:18";"2025-12-04 20:55:18";""
214;"Linguistica Geral";"231";0;"2025-12-04 20:55:18";"2025-12-04 20:55:18";""
215;"Língua Inglesa";"232";0;"2025-12-04 20:55:18";"2025-12-04 20:55:18";""
216;"Prática de Ensino Em Docência e Educação Infantil";"233";0;"2025-12-04 20:55:18";"2025-12-04 20:55:18";""
217;"Fundamentos da Educação Indígena";"234";0;"2025-12-04 20:55:18";"2025-12-04 20:55:18";""
218;"Educação E Economia Política";"235";0;"2025-12-04 20:55:18";"2025-12-04 20:55:18";""
219;"Conteúdo,Metodologia e Prática De Ensino de Ciências e Educação Ambiental";"236";0;"2025-12-04 20:55:18";"2025-12-04 20:55:18";""
220;"Seminários Integrados em Pedagogia";"237";0;"2025-12-04 20:55:18";"2025-12-04 20:55:18";""
221;"Inglês";"238";0;"2025-12-04 20:55:18";"2025-12-04 20:55:18";""
222;"Conteúdo,Metodologia e Prática de Alfabetização e Letramento";"239";0;"2025-12-04 20:55:18";"2025-12-04 20:55:18";""
223;"Supervisão E Orientação Pedagógica";"240";0;"2025-12-04 20:55:18";"2025-12-04 20:55:18";""
224;"Educação Profissional: Teoria E Prática";"241";0;"2025-12-04 20:55:18";"2025-12-04 20:55:18";""
225;"Tópicos em Libras: Surdez e Inclusão";"242";0;"2025-12-04 20:55:18";"2025-12-04 20:55:18";""
226;"Seminários Integrados em Agronegócio";"243";0;"2025-12-04 20:55:18";"2025-12-04 20:55:18";""
227;"Gestão das Organizações não Escolares";"244";0;"2025-12-04 20:55:18";"2025-12-04 20:55:18";""
228;"Introdução e Prática à Psicopedagogica";"245";0;"2025-12-04 20:55:18";"2025-12-04 20:55:18";""
229;"Desenvolvimento Humano";"246";0;"2025-12-04 20:55:18";"2025-12-04 20:55:18";""
230;"As relações Familiares e a Aprendizagem";"248";0;"2025-12-04 20:55:18";"2025-12-04 20:55:18";""
231;"Gestão de Negócios Internacionais";"249";0;"2025-12-04 20:55:18";"2025-12-04 20:55:18";""
232;"Gestão Pública";"250";0;"2025-12-04 20:55:18";"2025-12-04 20:55:18";""
233;"Aspectos Afetivos na Aprendizagem";"251";0;"2025-12-04 20:55:18";"2025-12-04 20:55:18";""
234;"Psicopedagogia nas áreas da Alfabetização";"252";0;"2025-12-04 20:55:18";"2025-12-04 20:55:18";""
235;"Psicopedagogia nas áreas da Matemática";"253";0;"2025-12-04 20:55:18";"2025-12-04 20:55:18";""
236;"Psicopedagogia na Escola e na Clinica";"254";0;"2025-12-04 20:55:18";"2025-12-04 20:55:18";""
237;"Intervenção psicopedagógica na Escola e na Clinica";"255";0;"2025-12-04 20:55:18";"2025-12-04 20:55:18";""
238;"Dificuldades de Aprendizagem";"256";0;"2025-12-04 20:55:18";"2025-12-04 20:55:18";""
239;"Empreendedorismo";"257";0;"2025-12-04 20:55:18";"2025-12-04 20:55:18";""
240;"Educação e Saúde em Contexto Hospitalar";"258";0;"2025-12-04 20:55:18";"2025-12-04 20:55:18";""
241;"Política Ambiental Global";"259";0;"2025-12-04 20:55:18";"2025-12-04 20:55:18";""
242;"Tanatologia";"261";0;"2025-12-04 20:55:18";"2025-12-04 20:55:18";""
243;"Psicologia em Dependência Química";"262";0;"2025-12-04 20:55:18";"2025-12-04 20:55:18";""
244;"Psicologia Jurdica";"263";0;"2025-12-04 20:55:18";"2025-12-04 20:55:18";""
245;"Psicologia Comunitária";"264";0;"2025-12-04 20:55:18";"2025-12-04 20:55:18";""
246;"Extensão I";"265";0;"2025-12-04 20:55:18";"2025-12-04 20:55:18";""
247;"Extensão II";"266";0;"2025-12-04 20:55:18";"2025-12-04 20:55:18";""
248;"Diagnostico, Cultura e Clima Organizacional";"267";0;"2025-12-04 20:55:18";"2025-12-04 20:55:18";""
249;"Psicologia do Esporte";"268";0;"2025-12-04 20:55:18";"2025-12-04 20:55:18";""
250;"Neurofisiologia";"270";0;"2025-12-04 20:55:18";"2025-12-04 20:55:18";""
251;"Neuropsicologia e Educação";"271";0;"2025-12-04 20:55:18";"2025-12-04 20:55:18";""
252;"Neuropsicopatologias";"272";0;"2025-12-04 20:55:18";"2025-12-04 20:55:18";""
253;"Desenvolvimento da Linguagem e Processos Cognitivos";"273";0;"2025-12-04 20:55:18";"2025-12-04 20:55:18";""
254;"Fundamentos da Psicopedagogia";"274";0;"2025-12-04 20:55:18";"2025-12-04 20:55:18";""
255;"Transtornos de Aprendizagem: Diagnóstico e Intervenção";"275";0;"2025-12-04 20:55:18";"2025-12-04 20:55:18";""
256;"Neuropsicopedagogia Clinica";"276";0;"2025-12-04 20:55:18";"2025-12-04 20:55:18";""
257;"Neuropsicopedagogia Institucional";"277";0;"2025-12-04 20:55:18";"2025-12-04 20:55:18";""
258;"Teoria e Prática da Neuropsicopedagogia";"278";0;"2025-12-04 20:55:18";"2025-12-04 20:55:18";""
259;"Avaliação Neuropsicopedagógica";"279";0;"2025-12-04 20:55:18";"2025-12-04 20:55:18";""
260;"Economia Verde";"280";0;"2025-12-04 20:55:18";"2025-12-04 20:55:18";""
261;"Psicossomática e Intervenções em Crises";"281";0;"2025-12-04 20:55:18";"2025-12-04 20:55:18";""
262;"Sociologia I";"282";0;"2025-12-04 20:55:18";"2025-12-04 20:55:18";""
263;"Sociologia II";"283";0;"2025-12-04 20:55:18";"2025-12-04 20:55:18";""
264;"Filosofia I";"284";0;"2025-12-04 20:55:18";"2025-12-04 20:55:18";""
265;"Filosofia II";"285";0;"2025-12-04 20:55:18";"2025-12-04 20:55:18";""
266;"Identidades Culturais e Serviço Social no Brasil";"286";0;"2025-12-04 20:55:18";"2025-12-04 20:55:18";""
267;"Serviço Social e Fundamentos Técnicos de Pesquisa";"287";0;"2025-12-04 20:55:18";"2025-12-04 20:55:18";""
268;"Trabalho I";"288";0;"2025-12-04 20:55:18";"2025-12-04 20:55:18";""
269;"Trabalho II";"289";0;"2025-12-04 20:55:18";"2025-12-04 20:55:18";""
270;"Direito e Legislação";"290";0;"2025-12-04 20:55:18";"2025-12-04 20:55:18";""
271;"Estado, Classe e Desenvolvimentos Sociais";"291";0;"2025-12-04 20:55:18";"2025-12-04 20:55:18";""
272;"Seguridade Social";"292";0;"2025-12-04 20:55:18";"2025-12-04 20:55:18";""
273;"Formação e Trabalho Profissional em Serviço Social";"293";0;"2025-12-04 20:55:18";"2025-12-04 20:55:18";""
274;"Desenvolvimento de Competências e Habilidades Emocionais";"294";0;"2025-12-04 20:55:18";"2025-12-04 20:55:18";""
275;"Escrita Livre";"295";0;"2025-12-04 20:55:18";"2025-12-04 20:55:18";""
276;"Recreação,Folclore e Danca";"296";0;"2025-12-04 20:55:18";"2025-12-04 20:55:18";""
277;"Controle Ambiental";"297";0;"2025-12-04 20:55:18";"2025-12-04 20:55:18";""
278;"Logistica Agroindustrial";"298";0;"2025-12-04 20:55:18";"2025-12-04 20:55:18";""
279;"Gestão de Cooperativas e Associações";"299";0;"2025-12-04 20:55:18";"2025-12-04 20:55:18";""
280;"Artes Negras e Expressões Culturais Afro-Diaspóricas";"300";0;"2025-12-04 20:55:18";"2025-12-04 20:55:18";""
281;"Gênero e Raça na Educação";"301";0;"2025-12-04 20:55:18";"2025-12-04 20:55:18";""
282;"Didática para o Ensino Étnico-Racial";"302";0;"2025-12-04 20:55:18";"2025-12-04 20:55:18";""
283;"História e Cultura Africana e Afro-Brasileira";"303";0;"2025-12-04 20:55:18";"2025-12-04 20:55:18";""
284;"Colonialismo, Racismo e Epistemicídios";"304";0;"2025-12-04 20:55:18";"2025-12-04 20:55:18";""
285;"Educação Quilombola e Indígena";"305";0;"2025-12-04 20:55:18";"2025-12-04 20:55:18";""
286;"Fundamentos Socioantropológicos para a Educação Afro-Brasileira";"306";0;"2025-12-04 20:55:18";"2025-12-04 20:55:18";""
287;"Políticas Públicas e Ações Afirmativas";"307";0;"2025-12-04 20:55:18";"2025-12-04 20:55:18";""
288;"Educação e Movimentos Sociais Negros";"308";0;"2025-12-04 20:55:18";"2025-12-04 20:55:18";""
289;"Problematização das Relações Étnico-Raciais na Contemporaneidade";"309";0;"2025-12-04 20:55:18";"2025-12-04 20:55:18";""
290;"Negritude, Feminismo Negro e Interseccionalidade";"310";0;"2025-12-04 20:55:18";"2025-12-04 20:55:18";""
291;"Teorias da Educação Física";"311";0;"2025-12-04 20:55:18";"2025-12-04 20:55:18";""
292;"Danças";"312";0;"2025-12-04 20:55:18";"2025-12-04 20:55:18";""
293;"Atletismo e Voley";"313";0;"2025-12-04 20:55:18";"2025-12-04 20:55:18";""
294;"Psicomotricidade";"314";0;"2025-12-04 20:55:18";"2025-12-04 20:55:18";""
295;"Anatomia Humana";"315";0;"2025-12-04 20:55:18";"2025-12-04 20:55:18";""
296;"Microbiologia e Parasitologia";"317";0;"2025-12-04 20:55:18";"2025-12-04 20:55:18";""
297;"Nutrição e Dietética";"318";0;"2025-12-04 20:55:18";"2025-12-04 20:55:18";""
298;"Fundamentos da Enfermagem I";"319";0;"2025-12-04 20:55:18";"2025-12-04 20:55:18";""
299;"Fundamentos da Enfermagem II";"320";0;"2025-12-04 20:55:18";"2025-12-04 20:55:18";""
300;"Higiene e Biossegurança";"321";0;"2025-12-04 20:55:18";"2025-12-04 20:55:18";""
301;"Introdução ao Estudo do Direito";"322";60;"2025-12-04 20:55:18";"2025-12-13 14:44:50";""
302;"Direito Constitucional I";"323";0;"2025-12-04 20:55:18";"2025-12-04 20:55:18";""
303;"Direito Constitucional II";"324";0;"2025-12-04 20:55:18";"2025-12-04 20:55:18";""
304;"Vida e Sociedade";"325";60;"2025-12-04 20:55:18";"2025-12-13 14:45:06";""
305;"História do Direito";"326";60;"2025-12-04 20:55:18";"2025-12-13 14:44:35";""
306;"Pesquisa e Prática da Educação IV";"327";0;"2025-12-04 20:55:18";"2025-12-04 20:55:18";""
307;"Gestão de Projeto Agroindustriais";"328";0;"2025-12-04 20:55:18";"2025-12-04 20:55:18";""
308;"Comércio Internacional";"329";0;"2025-12-04 20:55:18";"2025-12-04 20:55:18";""
309;"Gestão de Risco no Agronegócio";"330";0;"2025-12-04 20:55:18";"2025-12-04 20:55:18";""
310;"Transtornos Globais do Desenvolvimento";"331";0;"2025-12-04 20:55:18";"2025-12-04 20:55:18";""
311;"Teorias e Práticas da Educação Antirracista";"332";0;"2025-12-04 20:55:18";"2025-12-04 20:55:18";""
312;"Etnoterritorialidade, Identidades, Culturas e Territórios";"333";0;"2025-12-04 20:55:18";"2025-12-04 20:55:18";""
313;"Legislação Aplicada aos Estudos e Cultura Afro-brasileira";"334";0;"2025-12-04 20:55:18";"2025-12-04 20:55:18";""
314;"Psicologia do Desenvolvimento e da Aprendizagem para os Estudos Etnicos-Raciais";"335";0;"2025-12-04 20:55:18";"2025-12-04 20:55:18";""
315;"Ciência Politica e Teoria do Estado";"379";60;"2025-12-13 14:46:08";"2025-12-13 14:48:28";""
